title,authors,publication_year,journal,doi,url,citation_count,abstract,source,open_access
Deep Learning for Medical Image Analysis,Aisha Patel; Rahul Mehta,2025,IEEE Access,10.1000/eureka.001,https://doi.org/10.1000/eureka.001,142,An overview of deep learning methods for diagnostic medical imaging.,OpenAlex,True
Explainable AI in Clinical Decision Support,Maya Singh; Arjun Rao,2024,Journal of AI Research,10.1000/eureka.002,https://doi.org/10.1000/eureka.002,86,Transparent machine learning supports clinician trust.,Crossref,True
Federated Learning for Privacy Preserving Healthcare,Neha Shah; David Kim,2023,Nature Digital Medicine,10.1000/eureka.003,https://doi.org/10.1000/eureka.003,211,Collaborative learning for distributed health data.,Semantic Scholar,False
Large Language Models for Clinical Documentation,Priya Nair; Samuel Lee,2025,JAMIA,10.1000/eureka.004,https://doi.org/10.1000/eureka.004,57,Evaluating retrieval augmented language models for safe clinical documentation.,OpenAlex,True
Machine Learning for Early Disease Detection,Ananya Gupta; Daniel Wong,2024,The Lancet Digital Health,10.1000/eureka.005,https://doi.org/10.1000/eureka.005,189,Multimodal patient records improve early risk prediction and triage.,Crossref,True
Graph Neural Networks in Drug Discovery,Vikram Iyer; Sofia Martinez,2024,Bioinformatics,10.1000/eureka.006,https://doi.org/10.1000/eureka.006,104,Graph representation learning accelerates molecular property prediction.,OpenAlex,False
Computer Vision for Retinal Disease Screening,Meera Joshi; James Carter,2023,Medical Image Analysis,10.1000/eureka.007,https://doi.org/10.1000/eureka.007,276,Robust retinal image classification across clinical settings.,Semantic Scholar,True
Fairness Auditing in Healthcare Algorithms,Sana Khan; Olivia Brown,2025,AI and Ethics,10.1000/eureka.008,https://doi.org/10.1000/eureka.008,38,An actionable framework for measuring bias in clinical prediction systems.,Crossref,True
Secure Multimodal Learning for Hospitals,Karan Malhotra; Elena Rossi,2022,Patterns,10.1000/eureka.009,https://doi.org/10.1000/eureka.009,97,Privacy preserving fusion of imaging and electronic health record data.,OpenAlex,False
Natural Language Processing for Patient Safety,Arjun Rao; Li Wei,2023,NPJ Digital Medicine,10.1000/eureka.010,https://doi.org/10.1000/eureka.010,133,Clinical note analysis identifies adverse-event signals at scale.,Semantic Scholar,True
Wearable Sensors and Predictive Health Analytics,Rhea Kapoor; Michael Adams,2022,IEEE Journal of Biomedical Health Informatics,10.1000/eureka.011,https://doi.org/10.1000/eureka.011,165,Time series learning enables personalised health monitoring with wearables.,Crossref,True
Responsible Generative AI for Medical Education,Ishaan Verma; Claire Dubois,2025,Computers and Education AI,10.1000/eureka.012,https://doi.org/10.1000/eureka.012,24,Guidelines for using generative models in medical teaching and assessment.,OpenAlex,True
